service_log_id,date_id,customer_id,project_id,service_type_id,amount_paid_egp,service_status,rating,resolution_hours,via_app
SVL00001,20230716,CUS0169,PJ04,ST02,140.93,Completed,5.0,,True
SVL00002,20230708,CUS0078,PJ04,ST01,0.0,Cancelled,,,True
SVL00003,20241017,CUS0047,PJ01,ST10,120.09,Completed,4.0,,True
SVL00004,20230709,CUS0058,PJ02,ST10,110.13,Completed,5.0,,True
SVL00005,20230722,CUS0011,PJ01,ST07,271.18,Completed,3.0,,True
SVL00006,20240714,CUS0169,PJ06,ST06,0.0,Completed,5.0,65.0,True
SVL00007,20231122,CUS0051,PJ03,ST01,765.97,Completed,4.0,,True
SVL00008,20240724,CUS0017,PJ04,ST03,475.22,Completed,4.0,,True
SVL00009,20230301,CUS0037,PJ02,ST06,0.0,Completed,4.0,62.0,True
SVL00010,20231222,CUS0142,PJ04,ST07,318.92,Completed,4.0,,True
SVL00011,20230130,CUS0143,PJ02,ST01,532.03,Completed,3.0,,True
SVL00012,20230226,CUS0170,PJ06,ST05,0.0,Cancelled,,,True
SVL00013,20241017,CUS0158,PJ01,ST06,0.0,Completed,3.0,28.0,True
SVL00014,20230428,CUS0140,PJ06,ST04,196.22,Completed,5.0,,True
SVL00015,20240130,CUS0015,PJ05,ST05,0.0,Completed,5.0,34.0,True
SVL00016,20231021,CUS0093,PJ01,ST05,0.0,Completed,4.0,12.0,True
SVL00017,20230903,CUS0170,PJ03,ST03,438.77,Completed,5.0,,True
SVL00018,20241012,CUS0043,PJ04,ST01,650.62,Completed,4.0,,True
SVL00019,20230120,CUS0064,PJ03,ST10,101.34,Completed,3.0,,True
SVL00020,20240516,CUS0158,PJ02,ST07,223.41,Completed,,,True
SVL00021,20241202,CUS0006,PJ05,ST01,747.41,Completed,5.0,,True
SVL00022,20240224,CUS0170,PJ02,ST03,356.19,Completed,4.0,,True
SVL00023,20241110,CUS0127,PJ06,ST02,144.43,Completed,5.0,,True
SVL00024,20230216,CUS0098,PJ03,ST06,0.0,Completed,4.0,32.0,True
SVL00025,20231027,CUS0113,PJ01,ST07,284.1,Completed,4.0,,True
SVL00026,20230715,CUS0045,PJ06,ST02,255.76,Pending,,,True
SVL00027,20240628,CUS0053,PJ04,ST06,0.0,Completed,4.0,58.0,True
SVL00028,20241217,CUS0164,PJ03,ST03,420.96,COMPLETED,3.0,,True
SVL00029,20230713,CUS0124,PJ03,ST01,0.0,Failed,,,True
SVL00030,20240509,CUS0105,PJ03,ST02,244.28,COMPLETED,4.0,,True
SVL00031,20230608,CUS0017,PJ01,ST01,841.49,Completed,3.0,,True
SVL00032,20240229,CUS0156,PJ04,ST03,627.4,COMPLETED,5.0,,True
SVL00033,20231203,CUS0156,PJ01,ST07,382.23,Completed,5.0,,True
SVL00034,20241209,CUS0027,PJ05,ST03,578.37,Completed,5.0,,True
SVL00035,20240403,CUS0042,PJ01,ST10,97.61,Pending,,,True
SVL00036,20230905,CUS0124,PJ03,ST06,0.0,Completed,5.0,59.0,True
SVL00037,20230408,CUS0111,PJ05,ST03,613.5,Completed,5.0,,True
SVL00038,20230507,CUS0005,PJ01,ST04,0.0,Failed,,,True
SVL00039,20230625,CUS0174,PJ01,ST04,238.75,Completed,3.0,,True
SVL00040,20230710,CUS0070,PJ01,ST05,0.0,Completed,5.0,28.0,True
SVL00041,20240905,CUS0119,PJ06,ST10,77.37,Completed,5.0,,True
SVL00042,20240225,CUS0099,PJ06,ST03,350.81,Completed,5.0,,True
SVL00043,20240122,CUS0043,PJ04,ST08,0.0,Failed,,,True
SVL00044,20230409,CUS0138,PJ02,ST06,0.0,Completed,4.0,51.0,True
SVL00045,20240912,CUS0102,PJ06,ST05,0.0,Completed,5.0,30.0,True
SVL00046,20240623,CUS0124,PJ06,ST06,0.0,Cancelled,,,True
SVL00047,20230302,CUS0124,PJ01,ST03,407.0,Completed,3.0,,True
SVL00048,20240614,CUS0011,PJ05,ST07,387.73,Completed,,,True
SVL00049,20240209,CUS0159,PJ02,ST02,243.56,Completed,4.0,,True
SVL00050,20230314,CUS0080,PJ02,ST05,0.0,Completed,3.0,7.0,True
SVL00051,20231129,CUS0121,PJ05,ST03,485.0,Completed,5.0,,True
SVL00052,20231220,CUS0024,PJ05,ST09,0.0,Pending,,,True
SVL00053,20230518,CUS0148,PJ06,ST07,302.1,Completed,5.0,,True
SVL00054,20241118,CUS0054,PJ02,ST02,164.28,Completed,4.0,,True
SVL00055,20240905,CUS0118,PJ01,ST04,0.0,Cancelled,,,True
SVL00056,20240520,CUS0140,PJ01,ST06,0.0,Completed,3.0,5.0,True
SVL00057,20231202,CUS0160,PJ01,ST03,543.36,Completed,4.0,,True
SVL00058,20231021,CUS0123,PJ02,ST06,0.0,Completed,5.0,27.0,True
SVL00059,20240507,CUS0086,PJ02,ST03,554.05,Completed,4.0,,True
SVL00060,20240211,CUS0148,PJ02,ST06,0.0,Completed,4.0,12.0,True
SVL00061,20230226,CUS0045,PJ04,ST01,0.0,Cancelled,,,True
SVL00062,20240112,CUS0145,PJ01,ST03,552.47,Completed,4.0,,True
SVL00063,20240810,CUS0081,PJ06,ST02,155.13,Completed,4.0,,True
SVL00064,20231130,CUS0037,PJ04,ST03,365.41,Completed,3.0,,True
SVL00065,20230216,CUS0086,PJ04,ST05,0.0,Completed,4.0,3.0,True
SVL00066,20240730,CUS0139,PJ02,ST04,161.1,Completed,3.0,,True
SVL00067,20230610,CUS0076,PJ05,ST01,704.88,Completed,4.0,,True
SVL00068,20230714,CUS0045,PJ01,ST09,0.0,Completed,4.0,34.0,True
SVL00069,20230517,CUS0070,PJ03,ST06,0.0,Completed,4.0,4.0,True
SVL00070,20230824,CUS0099,PJ02,ST02,193.27,Completed,4.0,,True
SVL00071,20240713,CUS0027,PJ05,ST03,335.18,Completed,3.0,,True
SVL00072,20240118,CUS0117,PJ01,ST09,0.0,Completed,3.0,20.0,True
SVL00073,20230613,CUS0027,PJ04,ST06,0.0,Completed,3.0,8.0,True
SVL00074,20240925,CUS0160,PJ01,ST03,0.0,Cancelled,,,True
SVL00075,20240926,CUS0174,PJ01,ST03,577.95,Completed,4.0,,True
SVL00076,20240919,CUS0124,PJ03,ST02,198.5,Completed,4.0,,True
SVL00077,20230703,CUS0001,PJ06,ST05,0.0,Completed,,2.0,True
SVL00078,20231123,CUS0159,PJ04,ST01,0.0,Cancelled,,,True
SVL00079,20241220,CUS0044,PJ06,ST05,0.0,Completed,5.0,61.0,True
SVL00080,20240722,CUS0144,PJ02,ST07,328.38,Completed,4.0,,True
SVL00081,20230124,CUS0047,PJ01,ST01,604.03,Completed,3.0,,True
SVL00082,20230301,CUS0123,PJ06,ST03,420.01,Completed,5.0,,True
SVL00083,20231203,CUS0125,PJ05,ST06,0.0,Pending,,,True
SVL00084,20241019,CUS0102,PJ06,ST02,166.23,Completed,3.0,,True
SVL00085,20240204,CUS0080,PJ02,ST03,409.16,Completed,4.0,,True
SVL00086,20231230,CUS0145,PJ05,ST10,72.29,Completed,4.0,,True
SVL00087,20230401,CUS0152,PJ06,ST01,609.88,Pending,,,True
SVL00088,20240511,CUS0118,PJ01,ST06,0.0,Completed,3.0,69.0,True
SVL00089,20240819,CUS0037,PJ02,ST02,196.22,Completed,4.0,,True
SVL00090,20230927,CUS0178,PJ03,ST05,0.0,Completed,5.0,18.0,True
SVL00091,20240724,CUS0107,PJ01,ST03,340.99,Pending,,,True
SVL00092,20241203,CUS0080,PJ01,ST06,0.0,COMPLETED,5.0,33.0,True
SVL00093,20230612,CUS0053,PJ04,ST01,812.99,Completed,4.0,,True
SVL00094,20240122,CUS0113,PJ05,ST06,0.0,Completed,4.0,24.0,True
SVL00095,20230730,CUS0143,PJ01,ST01,630.01,Pending,,,True
SVL00096,20240802,CUS0027,PJ01,ST03,562.89,Completed,3.0,,True
SVL00097,20240310,CUS0001,PJ04,ST03,410.62,Completed,3.0,,True
SVL00098,20240424,CUS0140,PJ05,ST03,399.19,Pending,,,True
SVL00099,20240805,CUS0127,PJ06,ST01,691.58,Completed,3.0,,True
SVL00100,20231009,CUS0159,PJ03,ST01,830.16,Completed,5.0,,True
SVL00101,20241024,CUS0017,PJ03,ST09,0.0,Completed,3.0,46.0,True
SVL00102,20240130,CUS0152,PJ01,ST04,248.47,Completed,5.0,,True
SVL00103,20230512,CUS0158,PJ05,ST01,514.92,Completed,5.0,,True
SVL00104,20240607,CUS0133,PJ02,ST06,0.0,Completed,3.0,42.0,True
SVL00105,20240803,CUS0005,PJ06,ST01,559.45,Completed,5.0,,True
SVL00106,20230816,CUS0119,PJ04,ST02,215.33,Completed,5.0,,True
SVL00107,20240910,CUS0144,PJ02,ST02,268.17,Completed,,,True
SVL00108,20241017,CUS0093,PJ06,ST02,247.37,Completed,3.0,,True
SVL00109,20230725,CUS0006,PJ04,ST06,0.0,Completed,4.0,36.0,True
SVL00110,20241218,CUS0158,PJ05,ST10,88.75,Completed,5.0,,True
SVL00111,20230429,CUS0144,PJ02,ST03,473.47,Completed,3.0,,True
SVL00112,20230611,CUS0039,PJ02,ST05,0.0,Cancelled,,,True
SVL00113,20230531,CUS0006,PJ01,ST06,0.0,Completed,3.0,44.0,True
SVL00114,20241007,CUS0011,PJ06,ST01,742.79,Completed,4.0,,True
SVL00115,20240509,CUS0098,PJ02,ST01,635.25,Completed,4.0,,True
SVL00116,20230508,CUS0037,PJ02,ST01,644.99,Completed,3.0,,True
SVL00117,20231114,CUS0054,PJ05,ST04,140.86,Pending,,,True
SVL00118,20240409,CUS0005,PJ02,ST05,0.0,Completed,3.0,38.0,True
SVL00119,20230315,CUS0166,PJ05,ST03,0.0,Failed,,,True
SVL00120,20240928,CUS0156,PJ04,ST05,0.0,Completed,5.0,8.0,True
SVL00121,20240808,CUS0143,PJ01,ST06,0.0,Completed,3.0,39.0,True
SVL00122,20240106,CUS0113,PJ05,ST09,0.0,COMPLETED,4.0,6.0,True
SVL00123,20241205,CUS0139,PJ02,ST02,145.22,Completed,3.0,,True
SVL00124,20231026,CUS0070,PJ04,ST06,0.0,Completed,5.0,37.0,True
SVL00125,20241219,CUS0144,PJ01,ST06,0.0,Completed,5.0,8.0,True
SVL00126,20240519,CUS0001,PJ05,ST02,148.85,Completed,3.0,,True
SVL00127,20240424,CUS0064,PJ04,ST05,0.0,Cancelled,,,True
SVL00128,20230518,CUS0125,PJ02,ST01,0.0,Failed,,,True
SVL00129,20240928,CUS0170,PJ01,ST01,690.89,Completed,3.0,,True
SVL00130,20231103,CUS0140,PJ02,ST07,361.3,Completed,5.0,,True
SVL00131,20230515,CUS0125,PJ04,ST04,0.0,Cancelled,,,True
SVL00132,20230112,CUS0170,PJ05,ST01,545.46,Completed,4.0,,True
SVL00133,20240224,CUS0045,PJ05,ST01,696.87,Completed,5.0,,True
SVL00134,20240125,CUS0123,PJ02,ST06,0.0,Completed,5.0,66.0,True
SVL00135,20240621,CUS0005,PJ06,ST03,338.66,Completed,5.0,,True
SVL00136,20241004,CUS0037,PJ02,ST04,130.74,Completed,4.0,,True
SVL00137,20230312,CUS0114,PJ01,ST06,0.0,Completed,5.0,52.0,True
SVL00138,20240628,CUS0121,PJ02,ST06,0.0,Failed,,,True
SVL00139,20230602,CUS0005,PJ02,ST03,504.48,Completed,3.0,,True
SVL00140,20240911,CUS0099,PJ02,ST05,0.0,Pending,,,True
SVL00141,20240817,CUS0152,PJ02,ST07,380.61,Completed,3.0,,True
SVL00142,20240206,CUS0053,PJ02,ST04,0.0,Cancelled,,,True
SVL00143,20240616,CUS0144,PJ04,ST07,298.33,Completed,5.0,,True
SVL00144,20230815,CUS0043,PJ04,ST02,199.06,Pending,,,True
SVL00145,20231209,CUS0105,PJ04,ST08,1585.86,Completed,5.0,,True
SVL00146,20240819,CUS0085,PJ02,ST06,0.0,Completed,3.0,62.0,True
SVL00147,20231130,CUS0084,PJ01,ST02,215.82,Completed,5.0,,True
SVL00148,20230911,CUS0098,PJ03,ST02,195.26,Completed,4.0,,True
SVL00149,20231227,CUS0078,PJ05,ST09,0.0,Completed,4.0,14.0,True
SVL00150,20240822,CUS0017,PJ04,ST01,713.15,Completed,4.0,,True
SVL00151,20230827,CUS0114,PJ02,ST06,0.0,Completed,4.0,24.0,True
SVL00152,20230523,CUS0078,PJ02,ST03,489.35,Completed,4.0,,True
SVL00153,20240617,CUS0024,PJ04,ST03,621.73,Completed,4.0,,True
SVL00154,20240821,CUS0005,PJ03,ST01,0.0,Cancelled,,,True
SVL00155,20230329,CUS0039,PJ03,ST01,840.15,Completed,4.0,,True
SVL00156,20230704,CUS0117,PJ06,ST06,0.0,Cancelled,,,True
SVL00157,20230430,CUS0107,PJ02,ST02,233.61,Completed,3.0,,True
SVL00158,20230904,CUS0024,PJ03,ST06,0.0,Completed,4.0,25.0,True
SVL00159,20231122,CUS0075,PJ01,ST04,184.45,Completed,3.0,,True
SVL00160,20240708,CUS0070,PJ06,ST05,0.0,Completed,4.0,5.0,True
SVL00161,20240507,CUS0178,PJ04,ST02,156.68,Completed,5.0,,True
SVL00162,20240413,CUS0160,PJ06,ST05,0.0,Completed,4.0,16.0,True
SVL00163,20230907,CUS0088,PJ06,ST03,606.8,Completed,5.0,,True
SVL00164,20240830,CUS0121,PJ01,ST03,550.12,Pending,,,True
SVL00165,20231209,CUS0042,PJ01,ST05,0.0,Completed,4.0,63.0,True
SVL00166,20241215,CUS0125,PJ02,ST07,268.07,Completed,5.0,,True
SVL00167,20240424,CUS0107,PJ04,ST06,0.0,Completed,5.0,53.0,True
SVL00168,20230418,CUS0114,PJ01,ST01,585.6,Completed,4.0,,True
SVL00169,20240525,CUS0107,PJ05,ST07,380.32,Completed,,,True
SVL00170,20230821,CUS0044,PJ06,ST04,246.88,Completed,4.0,,True
SVL00171,20240601,CUS0150,PJ04,ST03,626.97,Completed,5.0,,True
SVL00172,20230304,CUS0039,PJ03,ST07,373.17,Completed,5.0,,True
SVL00173,20230524,CUS0152,PJ03,ST05,0.0,Completed,3.0,-5.0,True
SVL00174,20240909,CUS0011,PJ06,ST07,0.0,Failed,,,True
SVL00175,20230626,CUS0093,PJ01,ST01,471.64,Completed,5.0,,True
SVL00176,20240827,CUS0085,PJ04,ST02,140.66,Completed,3.0,,True
SVL00177,20230726,CUS0105,PJ05,ST03,520.32,Completed,5.0,,True
SVL00178,20240501,CUS0140,PJ06,ST04,192.01,Completed,3.0,,True
SVL00179,20240606,CUS0156,PJ05,ST03,356.08,Completed,,,True
SVL00180,20240112,CUS0174,PJ06,ST03,465.38,Completed,5.0,,True
SVL00181,20230810,CUS0043,PJ05,ST07,319.66,Completed,3.0,,True
SVL00182,20230617,CUS0144,PJ01,ST05,0.0,Completed,5.0,11.0,True
SVL00183,20230130,CUS0015,PJ02,ST03,335.42,Completed,5.0,,True
SVL00184,20230809,CUS0117,PJ05,ST03,434.32,Completed,5.0,,True
SVL00185,20240508,CUS0011,PJ06,ST01,660.77,Completed,5.0,,True
SVL00186,20241112,CUS0047,PJ04,ST07,340.0,Completed,4.0,,True
SVL00187,20240920,CUS0127,PJ05,ST01,697.09,Completed,4.0,,True
SVL00188,20240718,CUS0081,PJ06,ST06,0.0,Completed,3.0,69.0,True
SVL00189,20240731,CUS0107,PJ01,ST02,252.53,Completed,5.0,,True
SVL00190,20240517,CUS0011,PJ06,ST09,0.0,Completed,4.0,3.0,True
SVL00191,20230715,CUS0156,PJ04,ST06,0.0,Completed,5.0,65.0,True
SVL00192,20241017,CUS0129,PJ03,ST03,617.52,Completed,3.0,,True
SVL00193,20240521,CUS0081,PJ03,ST10,75.96,Completed,4.0,,True
SVL00194,20240225,CUS0005,PJ04,ST06,0.0,Completed,5.0,60.0,True
SVL00195,20230406,CUS0070,PJ06,ST10,92.15,Completed,3.0,,True
SVL00196,20231119,CUS0178,PJ02,ST02,214.36,Completed,4.0,,True
SVL00197,20231130,CUS0005,PJ05,ST05,0.0,Completed,3.0,68.0,True
SVL00198,20240915,CUS0085,PJ03,ST06,0.0,Completed,3.0,-5.0,True
SVL00199,20240212,CUS0150,PJ04,ST07,247.05,Completed,4.0,,True
SVL00200,20230927,CUS0178,PJ05,ST04,190.04,Completed,3.0,,True
SVL00201,20241213,CUS0140,PJ02,ST02,262.58,Completed,4.0,,True
SVL00202,20230406,CUS0133,PJ06,ST01,526.19,Completed,4.0,,True
SVL00203,20231030,CUS0047,PJ05,ST04,226.02,Completed,4.0,,True
SVL00204,20230207,CUS0170,PJ04,ST01,825.27,Pending,,,True
SVL00205,20240703,CUS0045,PJ04,ST03,430.75,Completed,5.0,,True
SVL00206,20241026,CUS0118,PJ03,ST06,0.0,Cancelled,,,True
SVL00207,20230726,CUS0102,PJ03,ST01,657.34,Completed,5.0,,True
SVL00208,20240911,CUS0005,PJ03,ST08,1433.15,Completed,5.0,,True
SVL00209,20230802,CUS0085,PJ05,ST02,265.3,Completed,5.0,,True
SVL00210,20241020,CUS0075,PJ02,ST03,340.18,Completed,3.0,,True
SVL00211,20240711,CUS0054,PJ02,ST01,560.84,Completed,3.0,,True
SVL00212,20240809,CUS0150,PJ06,ST03,628.5,Completed,3.0,,True
SVL00213,20230116,CUS0024,PJ06,ST03,413.77,Completed,3.0,,True
SVL00214,20241202,CUS0133,PJ02,ST09,0.0,Completed,3.0,27.0,True
SVL00215,20240626,CUS0159,PJ06,ST07,410.86,Pending,,,True
SVL00216,20230809,CUS0169,PJ03,ST05,0.0,Failed,,,True
SVL00217,20240823,CUS0145,PJ03,ST10,100.95,Completed,3.0,,True
SVL00218,20230727,CUS0102,PJ01,ST02,215.87,Completed,4.0,,True
SVL00219,20240921,CUS0105,PJ03,ST01,767.58,Completed,4.0,,True
SVL00220,20230407,CUS0081,PJ06,ST10,78.86,Completed,4.0,,True
SVL00221,20240612,CUS0070,PJ02,ST03,519.19,Completed,,,True
SVL00222,20240206,CUS0005,PJ02,ST01,586.49,Completed,5.0,,True
SVL00223,20230325,CUS0133,PJ01,ST07,380.3,Completed,5.0,,True
SVL00224,20230705,CUS0024,PJ04,ST03,500.24,Completed,5.0,,True
SVL00225,20230111,CUS0098,PJ05,ST01,687.18,Completed,4.0,,True
SVL00226,20231207,CUS0164,PJ05,ST05,0.0,Completed,3.0,40.0,True
SVL00227,20230807,CUS0150,PJ04,ST06,0.0,Completed,,35.0,True
SVL00228,20240326,CUS0105,PJ03,ST06,0.0,Completed,3.0,17.0,True
SVL00229,20230805,CUS0119,PJ03,ST03,509.82,Pending,,,True
SVL00230,20230807,CUS0027,PJ02,ST02,170.4,Completed,5.0,,True
SVL00231,20240705,CUS0117,PJ06,ST01,771.55,Pending,,,True
SVL00232,20230213,CUS0046,PJ06,ST02,179.91,Completed,5.0,,True
SVL00233,20241014,CUS0124,PJ02,ST01,662.32,Pending,,,True
SVL00234,20240906,CUS0047,PJ05,ST06,0.0,Completed,5.0,48.0,True
SVL00235,20240519,CUS0088,PJ01,ST06,0.0,Completed,3.0,4.0,True
SVL00236,20240322,CUS0117,PJ06,ST03,551.22,COMPLETED,,,True
SVL00237,20241006,CUS0099,PJ05,ST07,394.84,Completed,5.0,,True
SVL00238,20230601,CUS0001,PJ03,ST05,0.0,Completed,4.0,18.0,True
SVL00239,20230311,CUS0017,PJ05,ST03,457.04,Completed,3.0,,True
SVL00240,20230703,CUS0011,PJ01,ST09,0.0,Completed,4.0,21.0,True
SVL00241,20240803,CUS0139,PJ05,ST03,414.62,Completed,5.0,,True
SVL00242,20230131,CUS0111,PJ03,ST04,212.75,Completed,3.0,,True
SVL00243,20240314,CUS0085,PJ01,ST06,0.0,Completed,4.0,58.0,True
SVL00244,20241228,CUS0119,PJ06,ST02,278.54,Completed,5.0,,True
SVL00245,20240909,CUS0121,PJ06,ST01,615.09,Completed,3.0,,True
SVL00246,20240120,CUS0159,PJ04,ST06,0.0,Cancelled,,,True
SVL00247,20230227,CUS0143,PJ04,ST02,143.53,Completed,5.0,,True
SVL00248,20240824,CUS0129,PJ05,ST06,0.0,Completed,,66.0,True
SVL00249,20240327,CUS0160,PJ02,ST05,0.0,PENDING,,,True
SVL00250,20230409,CUS0139,PJ04,ST01,749.07,Completed,3.0,,True
SVL00251,20230323,CUS0105,PJ06,ST05,0.0,Pending,,,True
SVL00252,20241019,CUS0084,PJ05,ST01,873.8,Completed,5.0,,True
SVL00253,20240520,CUS0042,PJ05,ST01,0.0,Failed,,,True
SVL00254,20240823,CUS0152,PJ05,ST01,894.35,Completed,3.0,,True
SVL00255,20240926,CUS0051,PJ02,ST06,0.0,Completed,3.0,3.0,True
SVL00256,20240305,CUS0046,PJ05,ST06,0.0,Failed,,,True
SVL00257,20240116,CUS0117,PJ02,ST01,850.64,Pending,,,True
SVL00258,20231106,CUS0001,PJ06,ST01,789.45,Completed,4.0,,True
SVL00259,20230816,CUS0159,PJ04,ST05,0.0,Cancelled,,,True
SVL00260,20231109,CUS0011,PJ04,ST06,0.0,Completed,4.0,33.0,True
SVL00261,20240723,CUS0164,PJ04,ST01,843.83,Completed,4.0,,True
SVL00262,20240329,CUS0152,PJ01,ST02,148.07,Completed,4.0,,True
SVL00263,20241006,CUS0011,PJ04,ST08,1524.46,Completed,4.0,,True
SVL00264,20231116,CUS0166,PJ02,ST02,149.16,Completed,3.0,,True
SVL00265,20240402,CUS0084,PJ03,ST10,110.52,Completed,5.0,,True
SVL00266,20240422,CUS0047,PJ03,ST03,354.75,Completed,4.0,,True
SVL00267,20240321,CUS0145,PJ03,ST01,626.41,Completed,3.0,,True
SVL00268,20240611,CUS0076,PJ05,ST01,793.23,Completed,5.0,,True
SVL00269,20230702,CUS0088,PJ02,ST01,0.0,FAILED,,,True
SVL00270,20240112,CUS0053,PJ01,ST01,861.29,Completed,5.0,,True
SVL00271,20230331,CUS0144,PJ01,ST06,0.0,Completed,5.0,19.0,True
SVL00272,20230930,CUS0118,PJ03,ST07,0.0,Cancelled,,,True
SVL00273,20231222,CUS0053,PJ02,ST05,0.0,Completed,3.0,22.0,True
SVL00274,20240507,CUS0148,PJ05,ST02,184.27,Completed,4.0,,True
SVL00275,20241122,CUS0114,PJ06,ST09,0.0,Completed,5.0,58.0,True
SVL00276,20240328,CUS0075,PJ05,ST01,576.69,Completed,5.0,,True
SVL00277,20240705,CUS0032,PJ02,ST04,170.24,Completed,3.0,,True
SVL00278,20240106,CUS0070,PJ04,ST01,516.63,Completed,5.0,,True
SVL00279,20240424,CUS0139,PJ05,ST08,1294.97,Completed,,,True
SVL00280,20230305,CUS0078,PJ01,ST06,0.0,Completed,4.0,62.0,True
SVL00281,20230712,CUS0118,PJ03,ST01,593.13,Completed,5.0,,True
SVL00282,20230914,CUS0140,PJ05,ST04,161.37,Pending,,,True
SVL00283,20231210,CUS0119,PJ04,ST01,834.07,Completed,5.0,,True
SVL00284,20230210,CUS0078,PJ05,ST09,0.0,Cancelled,,,True
SVL00285,20230429,CUS0076,PJ06,ST04,149.89,Completed,3.0,,True
SVL00286,20230725,CUS0047,PJ04,ST09,0.0,Completed,4.0,34.0,True
SVL00287,20241209,CUS0119,PJ01,ST03,325.49,Completed,3.0,,True
SVL00288,20230824,CUS0138,PJ02,ST10,99.13,Completed,5.0,,True
SVL00289,20231218,CUS0042,PJ04,ST01,886.85,Completed,5.0,,True
SVL00290,20230607,CUS0093,PJ04,ST06,0.0,Pending,,,True
SVL00291,20240405,CUS0107,PJ06,ST06,0.0,Completed,5.0,13.0,True
SVL00292,20230727,CUS0081,PJ05,ST01,683.85,Completed,3.0,,True
SVL00293,20230614,CUS0052,PJ05,ST04,134.05,Completed,,,True
SVL00294,20240116,CUS0140,PJ05,ST03,519.18,Completed,5.0,,True
SVL00295,20230105,CUS0037,PJ02,ST02,212.23,Completed,5.0,,True
SVL00296,20230107,CUS0148,PJ02,ST02,148.87,Completed,4.0,,True
SVL00297,20230621,CUS0127,PJ04,ST03,569.7,Completed,5.0,,True
SVL00298,20230202,CUS0052,PJ01,ST04,134.03,Completed,4.0,,True
SVL00299,20230403,CUS0064,PJ04,ST05,0.0,Completed,,33.0,True
SVL00300,20230829,CUS0058,PJ03,ST06,0.0,Completed,3.0,45.0,True
SVL00301,20240808,CUS0070,PJ05,ST07,397.66,Completed,3.0,,True
SVL00302,20240306,CUS0140,PJ01,ST02,172.13,Completed,3.0,,True
SVL00303,20240112,CUS0127,PJ05,ST04,181.07,Completed,4.0,,True
SVL00304,20230803,CUS0058,PJ06,ST01,886.02,COMPLETED,4.0,,True
SVL00305,20241106,CUS0160,PJ03,ST03,542.42,Completed,3.0,,True
SVL00306,20231010,CUS0054,PJ05,ST01,683.59,Completed,5.0,,True
SVL00307,20230318,CUS0124,PJ04,ST06,0.0,Completed,4.0,64.0,True
SVL00308,20240410,CUS0133,PJ02,ST04,161.57,Completed,3.0,,True
SVL00309,20230408,CUS0070,PJ01,ST09,0.0,Completed,5.0,58.0,True
SVL00310,20230902,CUS0148,PJ02,ST08,1249.75,Completed,4.0,,True
SVL00311,20240108,CUS0138,PJ01,ST06,0.0,Completed,5.0,8.0,True
SVL00312,20240922,CUS0152,PJ05,ST05,0.0,Completed,5.0,54.0,True
SVL00313,20231227,CUS0039,PJ04,ST02,175.45,Completed,5.0,,True
SVL00314,20240611,CUS0123,PJ03,ST01,568.99,Completed,4.0,,True
SVL00315,20241226,CUS0058,PJ03,ST10,0.0,FAILED,,,True
SVL00316,20230422,CUS0084,PJ02,ST03,367.19,Completed,4.0,,True
SVL00317,20230723,CUS0169,PJ01,ST01,792.86,Completed,4.0,,True
SVL00318,20231008,CUS0058,PJ05,ST06,0.0,Pending,,,True
SVL00319,20231029,CUS0085,PJ04,ST06,0.0,Completed,4.0,31.0,True
SVL00320,20231021,CUS0166,PJ06,ST02,0.0,Cancelled,,,True
SVL00321,20241018,CUS0138,PJ06,ST06,0.0,Completed,4.0,17.0,True
SVL00322,20240618,CUS0129,PJ06,ST01,747.04,Completed,3.0,,True
SVL00323,20240403,CUS0139,PJ04,ST02,166.42,Pending,,,True
SVL00324,20230812,CUS0001,PJ04,ST02,184.33,Completed,3.0,,True
SVL00325,20240820,CUS0054,PJ06,ST03,320.24,Completed,3.0,,True
SVL00326,20241126,CUS0166,PJ04,ST01,758.67,Completed,4.0,,True
SVL00327,20240818,CUS0005,PJ01,ST05,0.0,Completed,3.0,17.0,True
SVL00328,20230102,CUS0046,PJ04,ST01,724.13,Completed,4.0,,True
SVL00329,20240426,CUS0118,PJ02,ST09,0.0,Completed,5.0,26.0,True
SVL00330,20230215,CUS0052,PJ06,ST06,0.0,Completed,4.0,12.0,True
SVL00331,20230714,CUS0099,PJ03,ST04,242.63,COMPLETED,3.0,,True
SVL00332,20230223,CUS0046,PJ05,ST02,269.14,Completed,3.0,,True
SVL00333,20240331,CUS0027,PJ04,ST07,397.04,Pending,,,True
SVL00334,20240601,CUS0140,PJ01,ST04,182.22,Completed,3.0,,True
SVL00335,20230409,CUS0107,PJ02,ST04,185.96,Completed,4.0,,True
SVL00336,20230929,CUS0148,PJ04,ST01,512.55,Completed,5.0,,True
SVL00337,20231127,CUS0032,PJ04,ST01,868.03,Completed,5.0,,True
SVL00338,20230919,CUS0058,PJ01,ST02,184.17,Completed,5.0,,True
SVL00339,20230414,CUS0046,PJ04,ST06,0.0,Completed,3.0,58.0,True
SVL00340,20231027,CUS0099,PJ01,ST06,0.0,Completed,5.0,66.0,True
SVL00341,20240710,CUS0019,PJ02,ST06,0.0,Completed,3.0,71.0,True
SVL00342,20230305,CUS0156,PJ01,ST04,0.0,CANCELLED,,,True
SVL00343,20230312,CUS0005,PJ03,ST07,251.09,Completed,5.0,,True
SVL00344,20230908,CUS0084,PJ02,ST03,509.19,Completed,4.0,,True
SVL00345,20241114,CUS0166,PJ06,ST01,612.89,Completed,5.0,,True
SVL00346,20240519,CUS0166,PJ03,ST04,204.21,Completed,4.0,,True
SVL00347,20240526,CUS0052,PJ06,ST01,812.19,Completed,5.0,,True
SVL00348,20230914,CUS0114,PJ04,ST01,830.32,Completed,5.0,,True
SVL00349,20240323,CUS0085,PJ02,ST05,0.0,Completed,3.0,64.0,True
SVL00350,20230109,CUS0142,PJ02,ST01,0.0,Cancelled,,,True
SVL00351,20240425,CUS0017,PJ01,ST01,725.61,Completed,3.0,,True
SVL00352,20241022,CUS0111,PJ05,ST04,207.55,COMPLETED,4.0,,True
SVL00353,20240407,CUS0117,PJ02,ST06,0.0,Completed,5.0,63.0,True
SVL00354,20240922,CUS0085,PJ01,ST01,685.46,Completed,4.0,,True
SVL00355,20240624,CUS0117,PJ02,ST01,666.11,Completed,5.0,,True
SVL00356,20230413,CUS0024,PJ01,ST07,268.56,Completed,3.0,,True
SVL00357,20241014,CUS0075,PJ01,ST07,356.71,Completed,5.0,,True
SVL00358,20230301,CUS0113,PJ01,ST04,137.49,Completed,5.0,,True
SVL00359,20240131,CUS0156,PJ06,ST07,314.05,Completed,4.0,,True
SVL00360,20230501,CUS0178,PJ05,ST05,0.0,COMPLETED,5.0,43.0,True
SVL00361,20230111,CUS0045,PJ05,ST03,401.43,Pending,,,True
SVL00362,20231030,CUS0053,PJ02,ST06,0.0,Completed,5.0,65.0,True
SVL00363,20230804,CUS0159,PJ03,ST10,84.57,Completed,4.0,,True
SVL00364,20231221,CUS0080,PJ04,ST09,0.0,Completed,5.0,32.0,True
SVL00365,20240310,CUS0037,PJ05,ST08,1032.41,Completed,5.0,,True
SVL00366,20230208,CUS0169,PJ03,ST05,0.0,Completed,5.0,21.0,True
SVL00367,20230415,CUS0125,PJ04,ST10,95.77,Pending,,,True
SVL00368,20240223,CUS0150,PJ03,ST06,0.0,Completed,4.0,47.0,True
SVL00369,20230831,CUS0001,PJ03,ST01,694.27,Completed,4.0,,True
SVL00370,20240627,CUS0118,PJ06,ST08,993.23,Pending,,,True
SVL00371,20240507,CUS0127,PJ04,ST01,794.22,Completed,3.0,,True
SVL00372,20240901,CUS0160,PJ02,ST09,0.0,Completed,5.0,16.0,True
SVL00373,20240605,CUS0037,PJ04,ST03,324.42,Completed,4.0,,True
SVL00374,20231105,CUS0047,PJ04,ST03,491.64,Completed,5.0,,True
SVL00375,20240522,CUS0140,PJ06,ST03,623.91,Completed,4.0,,True
SVL00376,20230724,CUS0105,PJ02,ST02,197.62,Completed,4.0,,True
SVL00377,20230810,CUS0006,PJ05,ST01,640.53,Pending,,,True
SVL00378,20240731,CUS0102,PJ06,ST06,0.0,Completed,4.0,70.0,True
SVL00379,20231119,CUS0166,PJ04,ST04,201.9,Completed,4.0,,True
SVL00380,20240806,CUS0127,PJ04,ST03,513.65,Completed,,,True
SVL00381,20240819,CUS0032,PJ04,ST01,814.57,Completed,4.0,,True
SVL00382,20240910,CUS0159,PJ06,ST03,398.81,Pending,,,True
SVL00383,20241025,CUS0051,PJ05,ST03,347.45,Completed,5.0,,True
SVL00384,20231106,CUS0144,PJ03,ST04,201.59,Completed,4.0,,True
SVL00385,20230817,CUS0166,PJ04,ST09,0.0,Completed,5.0,70.0,True
SVL00386,20240314,CUS0174,PJ04,ST01,575.72,Completed,4.0,,True
SVL00387,20230920,CUS0118,PJ05,ST06,0.0,Completed,3.0,12.0,True
SVL00388,20240329,CUS0138,PJ06,ST06,0.0,Completed,4.0,55.0,True
SVL00389,20240613,CUS0102,PJ06,ST03,406.07,Completed,5.0,,True
SVL00390,20240602,CUS0164,PJ02,ST01,786.14,Completed,3.0,,True
SVL00391,20230923,CUS0098,PJ02,ST07,227.42,Completed,3.0,,True
SVL00392,20230518,CUS0117,PJ04,ST02,0.0,Cancelled,,,True
SVL00393,20231106,CUS0142,PJ05,ST04,178.57,Completed,5.0,,True
SVL00394,20230501,CUS0017,PJ01,ST06,0.0,Completed,5.0,6.0,True
SVL00395,20241004,CUS0011,PJ01,ST01,637.9,Pending,,,True
SVL00396,20230902,CUS0044,PJ01,ST03,382.94,Completed,4.0,,True
SVL00397,20230509,CUS0093,PJ03,ST01,787.26,Completed,5.0,,True
SVL00398,20230123,CUS0107,PJ02,ST02,260.64,Completed,,,True
SVL00399,20240503,CUS0058,PJ05,ST08,1632.9,Completed,4.0,,True
SVL00400,20240426,CUS0114,PJ04,ST04,210.09,Completed,,,True
SVL00401,20230830,CUS0127,PJ03,ST02,143.64,Completed,4.0,,True
SVL00402,20230306,CUS0006,PJ02,ST08,1001.67,Completed,3.0,,True
SVL00403,20231020,CUS0124,PJ04,ST01,765.18,Pending,,,True
SVL00404,20230813,CUS0086,PJ04,ST01,839.14,Completed,4.0,,True
SVL00405,20240525,CUS0118,PJ04,ST06,0.0,Completed,4.0,28.0,True
SVL00406,20240401,CUS0039,PJ02,ST10,71.61,Completed,4.0,,True
SVL00407,20230916,CUS0099,PJ02,ST08,1365.83,Completed,4.0,,True
SVL00408,20230620,CUS0032,PJ01,ST01,490.38,Completed,4.0,,True
SVL00409,20241222,CUS0006,PJ04,ST04,191.58,Completed,3.0,,True
SVL00410,20231125,CUS0027,PJ05,ST06,0.0,Completed,5.0,14.0,True
SVL00411,20240602,CUS0078,PJ04,ST05,0.0,Completed,5.0,61.0,True
SVL00412,20230429,CUS0107,PJ01,ST10,0.0,Cancelled,,,True
SVL00413,20231220,CUS0138,PJ05,ST03,592.9,Completed,3.0,,True
SVL00414,20230125,CUS0138,PJ01,ST08,970.37,Completed,4.0,,True
SVL00415,20240106,CUS0139,PJ02,ST05,0.0,Completed,4.0,19.0,True
SVL00416,20241203,CUS0006,PJ02,ST01,0.0,Cancelled,,,True
SVL00417,20230930,CUS0073,PJ06,ST01,705.86,Completed,4.0,,True
SVL00418,20230204,CUS0119,PJ03,ST06,0.0,CANCELLED,,,True
SVL00419,20230128,CUS0052,PJ01,ST03,0.0,Failed,,,True
SVL00420,20231003,CUS0019,PJ04,ST01,807.75,Pending,,,True
SVL00421,20230513,CUS0027,PJ04,ST10,117.12,Completed,5.0,,True
SVL00422,20230121,CUS0037,PJ03,ST01,737.99,Completed,4.0,,True
SVL00423,20240713,CUS0107,PJ05,ST08,868.68,Completed,3.0,,True
SVL00424,20231129,CUS0119,PJ03,ST08,937.41,Completed,5.0,,True
SVL00425,20230801,CUS0024,PJ02,ST06,0.0,Completed,5.0,25.0,True
SVL00426,20241012,CUS0086,PJ04,ST03,501.38,Completed,5.0,,True
SVL00427,20230410,CUS0144,PJ06,ST03,510.58,Completed,4.0,,True
SVL00428,20241126,CUS0039,PJ05,ST01,473.22,Pending,,,True
SVL00429,20230815,CUS0169,PJ05,ST01,897.84,Completed,5.0,,True
SVL00430,20241002,CUS0081,PJ03,ST03,567.6,Pending,,,True
SVL00431,20240330,CUS0148,PJ04,ST03,447.35,Completed,,,True
SVL00432,20240822,CUS0140,PJ03,ST06,0.0,Completed,4.0,16.0,True
SVL00433,20241219,CUS0085,PJ05,ST07,220.55,Completed,3.0,,True
SVL00434,20230731,CUS0001,PJ04,ST06,0.0,Completed,5.0,28.0,True
SVL00435,20241201,CUS0123,PJ03,ST06,0.0,Completed,3.0,10.0,True
SVL00436,20231004,CUS0152,PJ04,ST02,209.85,Completed,4.0,,True
SVL00437,20231001,CUS0169,PJ04,ST09,0.0,COMPLETED,3.0,36.0,True
SVL00438,20230830,CUS0143,PJ06,ST09,0.0,Pending,,,True
SVL00439,20240207,CUS0011,PJ01,ST01,795.68,Completed,4.0,,True
SVL00440,20230509,CUS0005,PJ01,ST02,262.17,Completed,5.0,,True
SVL00441,20240218,CUS0086,PJ01,ST01,861.61,Completed,4.0,,True
SVL00442,20240207,CUS0148,PJ01,ST07,280.84,Completed,4.0,,True
SVL00443,20240716,CUS0058,PJ01,ST06,0.0,Completed,5.0,69.0,True
SVL00444,20240825,CUS0058,PJ05,ST01,462.42,Completed,5.0,,True
SVL00445,20231114,CUS0158,PJ04,ST05,0.0,Completed,5.0,64.0,True
SVL00446,20230808,CUS0174,PJ06,ST01,469.7,Completed,3.0,,True
SVL00447,20230715,CUS0114,PJ06,ST01,528.11,Pending,,,True
SVL00448,20230606,CUS0118,PJ01,ST01,868.71,Completed,5.0,,True
SVL00449,20230221,CUS0113,PJ01,ST01,465.71,Completed,3.0,,True
SVL00450,20230831,CUS0178,PJ02,ST02,229.62,Completed,,,True
SVL00451,20230721,CUS0086,PJ04,ST02,196.5,Completed,4.0,,True
SVL00452,20241205,CUS0102,PJ04,ST07,312.32,Completed,4.0,,True
SVL00453,20240222,CUS0037,PJ04,ST05,0.0,Completed,5.0,8.0,True
SVL00454,20230903,CUS0046,PJ03,ST06,0.0,Completed,4.0,22.0,True
SVL00455,20240312,CUS0070,PJ01,ST03,320.06,Completed,4.0,,True
SVL00456,20230428,CUS0075,PJ01,ST01,471.69,Completed,4.0,,True
SVL00457,20231117,CUS0064,PJ02,ST08,1677.02,Completed,4.0,,True
SVL00458,20240417,CUS0058,PJ02,ST06,0.0,Completed,3.0,2.0,True
SVL00459,20231223,CUS0088,PJ01,ST01,555.98,Completed,,,True
SVL00460,20231014,CUS0044,PJ02,ST01,644.89,Completed,3.0,,True
SVL00461,20241227,CUS0150,PJ05,ST02,250.23,COMPLETED,4.0,,True
SVL00462,20240926,CUS0051,PJ06,ST02,272.92,Completed,4.0,,True
SVL00463,20240415,CUS0070,PJ03,ST06,0.0,Completed,4.0,40.0,True
SVL00464,20240303,CUS0133,PJ06,ST08,1516.88,Completed,4.0,,True
SVL00465,20240413,CUS0123,PJ03,ST06,0.0,Completed,4.0,40.0,True
SVL00466,20230610,CUS0001,PJ01,ST04,204.21,Pending,,,True
SVL00467,20231008,CUS0015,PJ01,ST05,0.0,Completed,3.0,15.0,True
SVL00468,20230204,CUS0144,PJ01,ST06,0.0,Pending,,,True
SVL00469,20231213,CUS0121,PJ04,ST01,719.47,Completed,5.0,,True
SVL00470,20240208,CUS0114,PJ01,ST02,279.06,Completed,4.0,,True
SVL00471,20230627,CUS0156,PJ03,ST06,0.0,Completed,5.0,23.0,True
SVL00472,20241203,CUS0078,PJ01,ST05,0.0,Completed,3.0,68.0,True
SVL00473,20241019,CUS0099,PJ03,ST03,315.71,Completed,4.0,,True
SVL00474,20240623,CUS0127,PJ04,ST03,458.79,Completed,4.0,,True
SVL00475,20240130,CUS0166,PJ04,ST02,0.0,Failed,,,True
SVL00476,20240919,CUS0052,PJ02,ST02,239.42,Completed,5.0,,True
SVL00477,20230421,CUS0086,PJ06,ST03,537.46,Completed,3.0,,True
SVL00478,20240801,CUS0085,PJ04,ST02,222.81,Completed,4.0,,True
SVL00479,20230417,CUS0169,PJ04,ST03,395.41,Pending,,,True
SVL00480,20240803,CUS0150,PJ04,ST01,748.62,Completed,3.0,,True
SVL00481,20230724,CUS0105,PJ04,ST03,318.38,Completed,,,True
SVL00482,20240924,CUS0047,PJ02,ST06,0.0,Completed,5.0,14.0,True
SVL00483,20241116,CUS0084,PJ06,ST01,866.47,Completed,4.0,,True
SVL00484,20230505,CUS0118,PJ04,ST06,0.0,Completed,3.0,11.0,True
SVL00485,20231202,CUS0015,PJ02,ST01,0.0,Cancelled,,,True
SVL00486,20241216,CUS0105,PJ02,ST01,635.08,Completed,5.0,,True
SVL00487,20231219,CUS0019,PJ02,ST02,176.19,Completed,3.0,,True
SVL00488,20240914,CUS0032,PJ04,ST03,499.27,COMPLETED,5.0,,True
SVL00489,20240319,CUS0160,PJ05,ST02,159.23,Completed,4.0,,True
SVL00490,20230923,CUS0019,PJ05,ST06,0.0,Completed,4.0,2.0,True
SVL00491,20230730,CUS0098,PJ02,ST04,232.64,Completed,3.0,,True
SVL00492,20230612,CUS0166,PJ03,ST10,113.01,Completed,4.0,,True
SVL00493,20240716,CUS0160,PJ03,ST06,0.0,Completed,,12.0,True
SVL00494,20231001,CUS0118,PJ02,ST02,0.0,Cancelled,,,True
SVL00495,20240111,CUS0076,PJ02,ST03,357.32,Completed,5.0,,True
SVL00496,20231226,CUS0027,PJ03,ST05,0.0,Completed,4.0,15.0,True
SVL00497,20240310,CUS0138,PJ03,ST06,0.0,Completed,4.0,54.0,True
SVL00498,20240916,CUS0119,PJ01,ST05,0.0,Completed,5.0,6.0,True
SVL00499,20241216,CUS0019,PJ03,ST06,0.0,Completed,5.0,33.0,True
SVL00500,20231018,CUS0037,PJ02,ST03,0.0,Failed,,,True
SVL00501,20240822,CUS0105,PJ01,ST01,748.34,Completed,3.0,,True
SVL00502,20240717,CUS0148,PJ02,ST02,254.94,Completed,4.0,,True
SVL00503,20240307,CUS0166,PJ02,ST08,1240.1,Pending,,,True
SVL00504,20241126,CUS0129,PJ06,ST09,0.0,Failed,,,True
SVL00505,20230610,CUS0121,PJ03,ST04,250.57,Completed,4.0,,True
SVL00506,20230404,CUS0044,PJ03,ST06,0.0,Pending,,,True
SVL00507,20240907,CUS0170,PJ03,ST06,0.0,Completed,5.0,44.0,True
SVL00508,20231113,CUS0152,PJ02,ST06,0.0,Completed,3.0,42.0,True
SVL00509,20240902,CUS0005,PJ02,ST04,144.79,Completed,3.0,,True
SVL00510,20241006,CUS0058,PJ01,ST02,214.57,Pending,,,True
SVL00511,20230226,CUS0178,PJ04,ST06,0.0,Completed,3.0,45.0,True
SVL00512,20240929,CUS0019,PJ01,ST04,243.82,Completed,4.0,,True
SVL00513,20231120,CUS0088,PJ06,ST02,226.78,Completed,4.0,,True
SVL00514,20240110,CUS0119,PJ02,ST06,0.0,Completed,5.0,58.0,True
SVL00515,20240418,CUS0051,PJ02,ST03,438.7,Completed,4.0,,True
SVL00516,20241102,CUS0133,PJ04,ST02,261.43,Completed,5.0,,True
SVL00517,20230117,CUS0127,PJ03,ST03,522.69,Completed,5.0,,True
SVL00518,20231214,CUS0144,PJ05,ST01,889.11,Completed,3.0,,True
SVL00519,20240602,CUS0076,PJ03,ST04,172.46,COMPLETED,5.0,,True
SVL00520,20240623,CUS0148,PJ05,ST01,775.17,Completed,3.0,,True
SVL00521,20240605,CUS0001,PJ02,ST09,0.0,Completed,4.0,54.0,True
SVL00522,20230424,CUS0093,PJ01,ST02,147.12,Completed,3.0,,True
SVL00523,20230806,CUS0129,PJ02,ST04,127.05,Completed,,,True
SVL00524,20230911,CUS0166,PJ02,ST06,0.0,Completed,3.0,36.0,True
SVL00525,20240809,CUS0006,PJ01,ST02,186.81,Completed,4.0,,True
SVL00526,20230726,CUS0086,PJ03,ST01,591.88,Completed,3.0,,True
SVL00527,20230616,CUS0047,PJ04,ST01,723.08,Completed,3.0,,True
SVL00528,20241128,CUS0015,PJ02,ST03,344.33,Completed,3.0,,True
SVL00529,20230108,CUS0081,PJ02,ST05,0.0,Completed,4.0,62.0,True
SVL00530,20241230,CUS0039,PJ01,ST09,0.0,Completed,4.0,54.0,True
SVL00531,20240525,CUS0005,PJ02,ST06,0.0,Completed,5.0,33.0,True
SVL00532,20240823,CUS0086,PJ02,ST05,0.0,COMPLETED,5.0,61.0,True
SVL00533,20230804,CUS0119,PJ01,ST01,699.52,Pending,,,True
SVL00534,20230113,CUS0156,PJ05,ST04,245.65,Completed,3.0,,True
SVL00535,20240702,CUS0138,PJ06,ST03,483.1,Completed,4.0,,True
SVL00536,20240826,CUS0124,PJ04,ST05,0.0,Completed,,32.0,True
SVL00537,20240704,CUS0046,PJ03,ST05,0.0,Completed,4.0,53.0,True
SVL00538,20230501,CUS0138,PJ06,ST02,235.22,Completed,3.0,,True
SVL00539,20240711,CUS0015,PJ05,ST01,855.18,Completed,5.0,,True
SVL00540,20240720,CUS0080,PJ06,ST06,0.0,Completed,4.0,57.0,True
SVL00541,20240512,CUS0053,PJ01,ST09,0.0,Completed,5.0,44.0,True
SVL00542,20240718,CUS0039,PJ01,ST04,0.0,Cancelled,,,True
SVL00543,20240902,CUS0042,PJ02,ST01,803.77,Completed,4.0,,True
SVL00544,20240407,CUS0169,PJ03,ST03,470.29,Completed,3.0,,True
SVL00545,20230319,CUS0143,PJ01,ST04,204.17,Completed,3.0,,True
SVL00546,20231222,CUS0124,PJ05,ST03,390.18,Completed,5.0,,True
SVL00547,20230310,CUS0098,PJ06,ST01,875.71,Completed,5.0,,True
SVL00548,20231018,CUS0118,PJ02,ST03,609.57,Completed,5.0,,True
SVL00549,20231018,CUS0169,PJ03,ST02,184.76,Completed,5.0,,True
SVL00550,20230301,CUS0117,PJ06,ST04,204.62,Completed,3.0,,True
SVL00551,20230904,CUS0111,PJ06,ST02,206.11,Completed,5.0,,True
SVL00552,20230406,CUS0160,PJ02,ST06,0.0,Cancelled,,,True
SVL00553,20240811,CUS0001,PJ02,ST04,172.44,Completed,5.0,,True
SVL00554,20241119,CUS0001,PJ06,ST06,0.0,Completed,4.0,9.0,True
SVL00555,20230306,CUS0064,PJ03,ST04,183.81,Completed,5.0,,True
SVL00556,20241126,CUS0086,PJ06,ST03,577.57,Completed,3.0,,True
SVL00557,20240121,CUS0142,PJ02,ST05,0.0,Completed,5.0,50.0,True
SVL00558,20230806,CUS0086,PJ05,ST04,152.94,Completed,3.0,,True
SVL00559,20230310,CUS0107,PJ01,ST05,0.0,Completed,4.0,28.0,True
SVL00560,20240102,CUS0044,PJ02,ST03,433.23,Completed,4.0,,True
SVL00561,20240803,CUS0032,PJ01,ST09,0.0,Completed,3.0,26.0,True
SVL00562,20240614,CUS0086,PJ03,ST02,202.46,Completed,3.0,,True
SVL00563,20230215,CUS0124,PJ04,ST01,567.25,Completed,3.0,,True
SVL00564,20230307,CUS0058,PJ05,ST02,149.31,Completed,3.0,,True
SVL00565,20231014,CUS0133,PJ03,ST03,477.23,Completed,4.0,,True
SVL00566,20230804,CUS0086,PJ04,ST01,755.23,Completed,,,True
SVL00567,20230629,CUS0005,PJ06,ST06,0.0,Completed,5.0,14.0,True
SVL00568,20230727,CUS0032,PJ02,ST01,614.09,Completed,4.0,,True
SVL00569,20240808,CUS0024,PJ01,ST06,0.0,Pending,,,True
SVL00570,20241104,CUS0042,PJ02,ST06,0.0,Completed,4.0,71.0,True
SVL00571,20231016,CUS0064,PJ03,ST07,222.67,Completed,5.0,,True
SVL00572,20241017,CUS0113,PJ05,ST07,354.87,Completed,4.0,,True
SVL00573,20230819,CUS0032,PJ01,ST05,0.0,Completed,5.0,52.0,True
SVL00574,20231213,CUS0152,PJ03,ST02,140.14,Completed,3.0,,True
SVL00575,20230625,CUS0127,PJ01,ST02,155.7,Completed,5.0,,True
SVL00576,20240429,CUS0001,PJ03,ST02,0.0,Cancelled,,,True
SVL00577,20241215,CUS0099,PJ04,ST06,0.0,Completed,4.0,18.0,True
SVL00578,20240330,CUS0123,PJ04,ST05,0.0,Completed,4.0,60.0,True
SVL00579,20230911,CUS0127,PJ04,ST04,247.37,Completed,3.0,,True
SVL00580,20240504,CUS0166,PJ06,ST07,337.63,Completed,4.0,,True
SVL00581,20230415,CUS0158,PJ05,ST01,459.65,Completed,4.0,,True
SVL00582,20241003,CUS0129,PJ01,ST05,0.0,Pending,,,True
SVL00583,20240104,CUS0058,PJ03,ST09,0.0,Completed,3.0,63.0,True
SVL00584,20231121,CUS0032,PJ04,ST06,0.0,Cancelled,,,True
SVL00585,20240316,CUS0159,PJ01,ST01,618.82,Completed,4.0,,True
SVL00586,20240416,CUS0088,PJ02,ST10,105.92,Completed,5.0,,True
SVL00587,20230306,CUS0045,PJ03,ST01,733.47,Completed,4.0,,True
SVL00588,20240529,CUS0046,PJ01,ST02,241.9,Completed,4.0,,True
SVL00589,20230705,CUS0143,PJ01,ST02,146.5,Completed,5.0,,True
SVL00590,20240618,CUS0105,PJ02,ST01,664.97,Completed,4.0,,True
SVL00591,20240819,CUS0156,PJ06,ST06,0.0,Pending,,,True
SVL00592,20240809,CUS0107,PJ04,ST01,569.6,Completed,4.0,,True
SVL00593,20240217,CUS0142,PJ06,ST02,267.53,Pending,,,True
SVL00594,20240119,CUS0150,PJ05,ST06,0.0,Completed,3.0,8.0,True
SVL00595,20230501,CUS0158,PJ01,ST06,0.0,Completed,5.0,54.0,True
SVL00596,20240723,CUS0105,PJ06,ST06,0.0,Completed,4.0,37.0,True
SVL00597,20230722,CUS0150,PJ04,ST06,0.0,Completed,3.0,41.0,True
SVL00598,20231229,CUS0076,PJ04,ST03,393.05,Completed,5.0,,True
SVL00599,20230729,CUS0045,PJ02,ST10,118.22,Completed,4.0,,True
SVL00600,20230424,CUS0075,PJ01,ST06,0.0,Cancelled,,,True
SVL00601,20240420,CUS0053,PJ03,ST06,0.0,Completed,,13.0,True
SVL00602,20230218,CUS0051,PJ02,ST06,0.0,Completed,5.0,27.0,True
SVL00603,20240708,CUS0006,PJ03,ST10,138.87,Completed,4.0,,True
SVL00604,20230817,CUS0046,PJ06,ST03,428.88,Completed,4.0,,True
SVL00605,20230101,CUS0053,PJ06,ST01,469.85,Completed,3.0,,True
SVL00606,20240111,CUS0070,PJ04,ST04,169.66,Completed,3.0,,True
SVL00607,20230211,CUS0142,PJ02,ST06,0.0,Completed,3.0,18.0,True
SVL00608,20230724,CUS0017,PJ03,ST03,479.52,Completed,5.0,,True
SVL00609,20240614,CUS0107,PJ04,ST07,278.12,Completed,,,True
SVL00610,20230226,CUS0042,PJ03,ST06,0.0,Completed,4.0,22.0,True
SVL00611,20240829,CUS0118,PJ05,ST04,201.55,Completed,4.0,,True
SVL00612,20230104,CUS0158,PJ06,ST03,407.02,Completed,,,True
SVL00613,20230708,CUS0114,PJ04,ST03,0.0,Failed,,,True
SVL00614,20240704,CUS0032,PJ03,ST01,831.06,Completed,5.0,,True
SVL00615,20230816,CUS0085,PJ04,ST06,0.0,Completed,5.0,40.0,True
SVL00616,20230330,CUS0017,PJ04,ST01,876.63,Completed,3.0,,True
SVL00617,20230912,CUS0160,PJ02,ST03,415.24,Completed,4.0,,True
SVL00618,20230721,CUS0164,PJ04,ST03,365.63,Completed,5.0,,True
SVL00619,20240831,CUS0144,PJ06,ST01,796.51,Completed,3.0,,True
SVL00620,20230814,CUS0047,PJ05,ST09,0.0,Failed,,,True
SVL00621,20240731,CUS0001,PJ02,ST05,0.0,Completed,4.0,43.0,True
SVL00622,20241005,CUS0114,PJ06,ST01,673.8,Completed,5.0,,True
SVL00623,20231108,CUS0170,PJ02,ST10,122.17,Completed,5.0,,True
SVL00624,20241020,CUS0084,PJ06,ST03,373.97,Completed,5.0,,True
SVL00625,20230925,CUS0127,PJ01,ST10,104.98,Completed,5.0,,True
SVL00626,20241203,CUS0073,PJ05,ST01,629.7,Completed,5.0,,True
SVL00627,20230320,CUS0086,PJ05,ST06,0.0,Completed,3.0,32.0,True
SVL00628,20240601,CUS0081,PJ02,ST06,0.0,Completed,5.0,6.0,True
SVL00629,20231227,CUS0111,PJ04,ST01,682.05,Completed,5.0,,True
SVL00630,20231002,CUS0054,PJ03,ST04,129.61,Completed,3.0,,True
SVL00631,20240423,CUS0088,PJ06,ST07,295.29,Completed,5.0,,True
SVL00632,20240612,CUS0178,PJ03,ST06,0.0,Completed,3.0,67.0,True
SVL00633,20230104,CUS0160,PJ01,ST02,211.56,Completed,3.0,,True
SVL00634,20230518,CUS0107,PJ02,ST07,316.14,Pending,,,True
SVL00635,20240617,CUS0053,PJ02,ST06,0.0,Pending,,,True
SVL00636,20240518,CUS0037,PJ05,ST06,0.0,Completed,5.0,42.0,True
SVL00637,20241205,CUS0159,PJ01,ST06,0.0,Completed,5.0,42.0,True
SVL00638,20240715,CUS0113,PJ04,ST02,241.19,Completed,4.0,,True
SVL00639,20241122,CUS0081,PJ06,ST01,609.79,Completed,3.0,,True
SVL00640,20240611,CUS0164,PJ01,ST01,542.82,Completed,5.0,,True
SVL00641,20230806,CUS0158,PJ02,ST01,782.89,Completed,5.0,,True
SVL00642,20230401,CUS0169,PJ01,ST01,711.2,Completed,3.0,,True
SVL00643,20240727,CUS0064,PJ01,ST03,564.85,Completed,4.0,,True
SVL00644,20240502,CUS0052,PJ04,ST01,506.39,Completed,3.0,,True
SVL00645,20230213,CUS0044,PJ03,ST03,438.18,Completed,4.0,,True
SVL00646,20230912,CUS0044,PJ04,ST05,0.0,Pending,,,True
SVL00647,20241127,CUS0111,PJ06,ST05,0.0,Completed,,17.0,True
SVL00648,20240101,CUS0078,PJ04,ST10,94.53,Completed,5.0,,True
SVL00649,20231107,CUS0044,PJ03,ST01,470.24,Completed,4.0,,True
SVL00650,20231128,CUS0058,PJ04,ST06,0.0,Completed,3.0,25.0,True
SVL00651,20230615,CUS0118,PJ04,ST06,0.0,Completed,5.0,61.0,True
SVL00652,20230919,CUS0046,PJ03,ST09,0.0,Completed,5.0,48.0,True
SVL00653,20230919,CUS0042,PJ01,ST03,0.0,CANCELLED,,,True
SVL00654,20230217,CUS0037,PJ01,ST04,183.93,Completed,4.0,,True
SVL00655,20240719,CUS0174,PJ01,ST02,279.15,Completed,,,True
SVL00656,20231025,CUS0170,PJ06,ST09,0.0,Completed,5.0,28.0,True
SVL00657,20240819,CUS0158,PJ06,ST03,615.22,Completed,3.0,,True
SVL00658,20240905,CUS0001,PJ04,ST01,824.31,Completed,3.0,,True
SVL00659,20230617,CUS0169,PJ06,ST07,300.39,Completed,5.0,,True
SVL00660,20240511,CUS0075,PJ04,ST01,681.37,Completed,3.0,,True
SVL00661,20231210,CUS0064,PJ05,ST07,292.97,Completed,,,True
SVL00662,20240926,CUS0111,PJ05,ST03,569.35,Completed,5.0,,True
SVL00663,20230619,CUS0121,PJ04,ST02,187.09,Completed,5.0,,True
SVL00664,20240526,CUS0129,PJ05,ST06,0.0,Completed,3.0,18.0,True
SVL00665,20240403,CUS0081,PJ05,ST01,695.44,Completed,4.0,,True
SVL00666,20230804,CUS0011,PJ02,ST08,900.92,Completed,4.0,,True
SVL00667,20230426,CUS0129,PJ02,ST01,695.72,Completed,5.0,,True
SVL00668,20240507,CUS0070,PJ04,ST01,655.08,Completed,5.0,,True
SVL00669,20240703,CUS0093,PJ01,ST01,712.55,Completed,3.0,,True
SVL00670,20230816,CUS0088,PJ01,ST03,442.98,Completed,4.0,,True
SVL00671,20240502,CUS0085,PJ06,ST08,1125.29,Completed,4.0,,True
SVL00672,20231008,CUS0081,PJ01,ST02,144.13,Completed,4.0,,True
SVL00673,20240617,CUS0124,PJ06,ST05,0.0,Completed,4.0,14.0,True
SVL00674,20230609,CUS0102,PJ06,ST03,614.49,Completed,4.0,,True
SVL00675,20241004,CUS0139,PJ01,ST01,827.41,Completed,5.0,,True
SVL00676,20230731,CUS0037,PJ06,ST10,109.55,Completed,4.0,,True
SVL00677,20230918,CUS0105,PJ01,ST03,348.35,Completed,5.0,,True
SVL00678,20230222,CUS0073,PJ06,ST03,531.22,Completed,5.0,,True
SVL00679,20230406,CUS0027,PJ06,ST03,416.05,Completed,3.0,,True
SVL00680,20240115,CUS0015,PJ04,ST04,205.04,Completed,5.0,,True
SVL00681,20230719,CUS0158,PJ05,ST06,0.0,Completed,5.0,10.0,True
SVL00682,20240827,CUS0085,PJ01,ST02,0.0,Cancelled,,,True
SVL00683,20230113,CUS0045,PJ03,ST04,239.75,Completed,5.0,,True
SVL00684,20230926,CUS0054,PJ02,ST08,1262.82,Pending,,,True
SVL00685,20230828,CUS0011,PJ01,ST01,617.42,Completed,3.0,,True
SVL00686,20230118,CUS0113,PJ02,ST06,0.0,Completed,4.0,68.0,True
SVL00687,20230416,CUS0019,PJ05,ST03,514.74,Completed,4.0,,True
SVL00688,20231023,CUS0042,PJ01,ST10,83.33,Completed,3.0,,True
SVL00689,20231226,CUS0078,PJ05,ST03,482.9,Completed,4.0,,True
SVL00690,20231016,CUS0081,PJ02,ST01,879.15,Completed,4.0,,True
SVL00691,20240128,CUS0019,PJ06,ST06,0.0,Completed,4.0,17.0,True
SVL00692,20240324,CUS0127,PJ01,ST04,152.06,COMPLETED,4.0,,True
SVL00693,20230109,CUS0111,PJ05,ST06,0.0,Completed,3.0,53.0,True
SVL00694,20231203,CUS0160,PJ01,ST02,240.62,Completed,4.0,,True
SVL00695,20241203,CUS0111,PJ03,ST09,0.0,Pending,,,True
SVL00696,20240118,CUS0098,PJ02,ST01,626.28,Completed,5.0,,True
SVL00697,20240526,CUS0125,PJ04,ST02,203.96,Completed,3.0,,True
SVL00698,20230813,CUS0118,PJ05,ST05,0.0,Completed,5.0,60.0,True
SVL00699,20240723,CUS0121,PJ01,ST01,566.94,Completed,5.0,,True
SVL00700,20240722,CUS0045,PJ05,ST01,586.77,Completed,5.0,,True
SVL00701,20240120,CUS0107,PJ04,ST04,0.0,Failed,,,True
SVL00702,20241212,CUS0052,PJ05,ST01,694.21,Completed,,,True
SVL00703,20230417,CUS0047,PJ04,ST07,278.63,Completed,5.0,,True
SVL00704,20230115,CUS0127,PJ02,ST07,360.62,Completed,5.0,,True
SVL00705,20240721,CUS0140,PJ04,ST01,883.79,Completed,3.0,,True
SVL00706,20240810,CUS0159,PJ04,ST01,650.69,Completed,5.0,,True
SVL00707,20230413,CUS0078,PJ03,ST03,323.16,Completed,4.0,,True
SVL00708,20230718,CUS0142,PJ02,ST06,0.0,Completed,4.0,59.0,True
SVL00709,20230116,CUS0164,PJ05,ST09,0.0,Completed,4.0,28.0,True
SVL00710,20230803,CUS0107,PJ04,ST05,0.0,Completed,,8.0,True
SVL00711,20240722,CUS0124,PJ02,ST02,206.02,Completed,5.0,,True
SVL00712,20240117,CUS0046,PJ04,ST06,0.0,Completed,4.0,6.0,True
SVL00713,20230904,CUS0144,PJ01,ST03,453.32,Completed,3.0,,True
SVL00714,20230921,CUS0117,PJ06,ST08,1521.59,Completed,3.0,,True
SVL00715,20230102,CUS0123,PJ06,ST01,825.79,Completed,5.0,,True
SVL00716,20230807,CUS0086,PJ03,ST03,372.85,Completed,4.0,,True
SVL00717,20240503,CUS0159,PJ03,ST02,186.09,Completed,4.0,,True
SVL00718,20241211,CUS0078,PJ03,ST09,0.0,Pending,,,True
SVL00719,20240903,CUS0164,PJ04,ST04,161.04,Completed,4.0,,True
SVL00720,20230121,CUS0178,PJ06,ST05,0.0,Completed,4.0,23.0,True
SVL00721,20241011,CUS0076,PJ06,ST05,0.0,Completed,3.0,43.0,True
SVL00722,20240728,CUS0084,PJ05,ST01,640.29,Completed,3.0,,True
SVL00723,20240726,CUS0001,PJ06,ST04,168.6,Completed,5.0,,True
SVL00724,20231129,CUS0043,PJ05,ST05,0.0,Completed,4.0,-3.0,True
SVL00725,20231011,CUS0081,PJ06,ST02,142.16,Completed,3.0,,True
SVL00726,20230808,CUS0169,PJ03,ST05,0.0,Completed,5.0,34.0,True
SVL00727,20230301,CUS0017,PJ03,ST08,1129.56,Completed,4.0,,True
SVL00728,20230627,CUS0143,PJ03,ST10,92.67,Completed,3.0,,True
SVL00729,20230707,CUS0052,PJ03,ST04,181.78,Completed,5.0,,True
SVL00730,20231219,CUS0051,PJ03,ST05,0.0,Completed,4.0,71.0,True
SVL00731,20240708,CUS0039,PJ02,ST06,0.0,Pending,,,True
SVL00732,20231211,CUS0005,PJ02,ST06,0.0,Completed,5.0,5.0,True
SVL00733,20230222,CUS0178,PJ02,ST06,0.0,Completed,4.0,41.0,True
SVL00734,20241128,CUS0032,PJ05,ST04,154.09,Completed,4.0,,True
SVL00735,20241115,CUS0064,PJ04,ST05,0.0,Completed,3.0,8.0,True
SVL00736,20240729,CUS0142,PJ06,ST06,0.0,Completed,3.0,65.0,True
SVL00737,20241225,CUS0019,PJ02,ST02,193.15,Completed,3.0,,True
SVL00738,20240210,CUS0119,PJ03,ST01,715.41,Completed,4.0,,True
SVL00739,20241202,CUS0006,PJ04,ST03,320.77,Completed,3.0,,True
SVL00740,20230309,CUS0148,PJ06,ST02,140.89,Completed,5.0,,True
SVL00741,20230916,CUS0142,PJ05,ST03,489.63,Completed,4.0,,True
SVL00742,20230625,CUS0148,PJ01,ST02,0.0,Cancelled,,,True
SVL00743,20230607,CUS0075,PJ05,ST10,113.93,Completed,4.0,,True
SVL00744,20230429,CUS0160,PJ02,ST06,0.0,Completed,4.0,47.0,True
SVL00745,20240414,CUS0051,PJ04,ST03,0.0,Failed,,,True
SVL00746,20240727,CUS0032,PJ05,ST07,341.74,Completed,3.0,,True
SVL00747,20240310,CUS0099,PJ04,ST01,748.75,Completed,4.0,,True
SVL00748,20230504,CUS0143,PJ04,ST05,0.0,Completed,5.0,39.0,True
SVL00749,20240813,CUS0019,PJ01,ST04,242.61,Completed,3.0,,True
SVL00750,20240425,CUS0011,PJ01,ST01,698.35,Completed,5.0,,True
SVL00751,20231003,CUS0125,PJ01,ST01,888.29,Completed,5.0,,True
SVL00752,20240523,CUS0005,PJ01,ST04,156.28,Completed,4.0,,True
SVL00753,20230715,CUS0178,PJ01,ST09,0.0,Completed,4.0,54.0,True
SVL00754,20230902,CUS0169,PJ02,ST01,904.95,Completed,3.0,,True
SVL00755,20241026,CUS0144,PJ01,ST01,610.48,Completed,5.0,,True
SVL00756,20230801,CUS0160,PJ05,ST06,0.0,Completed,5.0,67.0,True
SVL00757,20231208,CUS0105,PJ02,ST02,246.7,Completed,4.0,,True
SVL00758,20241004,CUS0139,PJ05,ST06,0.0,Pending,,,True
SVL00759,20240614,CUS0088,PJ03,ST07,309.25,Completed,3.0,,True
SVL00760,20230226,CUS0032,PJ05,ST05,0.0,Completed,3.0,65.0,True
SVL00761,20230504,CUS0045,PJ02,ST06,0.0,Completed,3.0,35.0,True
SVL00762,20230107,CUS0098,PJ02,ST04,238.5,Completed,3.0,,True
SVL00763,20240421,CUS0098,PJ02,ST01,490.83,Completed,4.0,,True
SVL00764,20231120,CUS0070,PJ03,ST06,0.0,Completed,5.0,11.0,True
SVL00765,20230424,CUS0017,PJ02,ST07,311.4,Completed,3.0,,True
SVL00766,20241128,CUS0088,PJ04,ST05,0.0,Pending,,,True
SVL00767,20240127,CUS0037,PJ02,ST02,147.47,Completed,3.0,,True
SVL00768,20230705,CUS0047,PJ06,ST02,195.67,Completed,3.0,,True
SVL00769,20240102,CUS0102,PJ05,ST07,251.45,Completed,5.0,,True
SVL00770,20240527,CUS0058,PJ02,ST01,629.56,Completed,3.0,,True
SVL00771,20230309,CUS0001,PJ06,ST03,607.64,Completed,4.0,,True
SVL00772,20230723,CUS0098,PJ04,ST07,384.65,Completed,,,True
SVL00773,20240810,CUS0044,PJ01,ST04,245.47,Completed,3.0,,True
SVL00774,20231130,CUS0139,PJ06,ST04,155.65,Completed,4.0,,True
SVL00775,20240212,CUS0113,PJ05,ST03,572.68,Completed,4.0,,True
SVL00776,20231107,CUS0039,PJ05,ST05,0.0,Completed,4.0,67.0,True
SVL00777,20230209,CUS0076,PJ05,ST02,278.46,Completed,4.0,,True
SVL00778,20230518,CUS0046,PJ01,ST05,0.0,Completed,3.0,22.0,True
SVL00779,20231118,CUS0125,PJ04,ST01,719.25,Completed,4.0,,True
SVL00780,20230615,CUS0118,PJ02,ST02,264.08,Completed,3.0,,True
SVL00781,20230214,CUS0125,PJ02,ST06,0.0,Pending,,,True
SVL00782,20240831,CUS0078,PJ04,ST05,0.0,Completed,4.0,3.0,True
SVL00783,20241217,CUS0178,PJ01,ST06,0.0,Completed,3.0,15.0,True
SVL00784,20240803,CUS0127,PJ06,ST06,0.0,Completed,3.0,10.0,True
SVL00785,20240907,CUS0024,PJ01,ST03,445.57,Completed,5.0,,True
SVL00786,20230705,CUS0139,PJ04,ST01,896.65,COMPLETED,5.0,,True
SVL00787,20241130,CUS0073,PJ04,ST08,1044.75,Completed,4.0,,True
SVL00788,20230608,CUS0121,PJ03,ST03,392.1,Completed,5.0,,True
SVL00789,20241123,CUS0064,PJ03,ST04,224.42,Completed,5.0,,True
SVL00790,20241227,CUS0102,PJ05,ST05,0.0,Completed,,71.0,True
SVL00791,20240616,CUS0098,PJ02,ST07,0.0,FAILED,,,True
SVL00792,20241217,CUS0011,PJ03,ST01,854.56,Completed,4.0,,True
SVL00793,20240304,CUS0078,PJ06,ST09,0.0,Completed,3.0,5.0,True
SVL00794,20230715,CUS0005,PJ06,ST04,244.28,Completed,4.0,,True
SVL00795,20231111,CUS0045,PJ05,ST09,0.0,Completed,3.0,23.0,True
SVL00796,20240323,CUS0032,PJ03,ST01,807.32,Completed,3.0,,True
SVL00797,20230307,CUS0118,PJ02,ST02,269.17,Completed,3.0,,True
SVL00798,20240414,CUS0064,PJ05,ST01,894.91,Pending,,,True
SVL00799,20241217,CUS0170,PJ05,ST01,712.69,Completed,,,True
SVL00800,20230604,CUS0078,PJ06,ST01,575.3,Completed,4.0,,True
